# x,y  (0-indexed pixel coords, 128x128 bregma-centred atlas frame; mirror-symmetric about x=63.5)
13.903,63.226
14.406,62.021
14.886,60.838
15.345,59.674
15.785,58.526
16.210,57.393
16.626,56.273
17.039,55.164
17.457,54.068
17.886,52.983
18.331,51.912
18.798,50.855
19.290,49.815
19.810,48.793
20.356,47.789
20.929,46.804
21.524,45.839
22.140,44.892
22.770,43.962
23.409,43.046
24.054,42.141
24.698,41.245
25.338,40.352
25.971,39.461
26.596,38.567
27.213,37.670
27.824,36.767
28.431,35.858
29.041,34.946
29.658,34.034
30.290,33.126
30.943,32.229
31.625,31.351
32.342,30.500
33.101,29.686
33.906,28.918
34.761,28.207
35.667,27.561
36.625,26.989
37.632,26.497
38.686,26.090
39.782,25.771
40.913,25.541
42.071,25.399
43.250,25.341
44.441,25.362
45.635,25.454
46.826,25.609
48.005,25.817
49.166,26.067
50.305,26.349
51.418,26.653
52.501,26.967
53.553,27.283
54.574,27.593
55.565,27.888
56.526,28.163
57.460,28.414
58.369,28.636
59.257,28.827
60.127,28.984
60.983,29.108
61.828,29.196
62.666,29.249
63.500,29.267
64.334,29.249
65.172,29.196
66.017,29.108
66.873,28.984
67.743,28.827
68.631,28.636
69.540,28.414
70.474,28.163
71.435,27.888
72.426,27.593
73.447,27.283
74.499,26.967
75.582,26.653
76.695,26.349
77.834,26.067
78.995,25.817
80.174,25.609
81.365,25.454
82.559,25.362
83.750,25.341
84.929,25.399
86.087,25.541
87.218,25.771
88.314,26.090
89.368,26.497
90.375,26.989
91.333,27.561
92.239,28.207
93.094,28.918
93.899,29.686
94.658,30.500
95.375,31.351
96.057,32.229
96.710,33.126
97.342,34.034
97.959,34.946
98.569,35.858
99.176,36.767
99.787,37.670
100.404,38.567
101.029,39.461
101.662,40.352
102.302,41.245
102.946,42.141
103.591,43.046
104.230,43.962
104.860,44.892
105.476,45.839
106.071,46.804
106.644,47.789
107.190,48.793
107.710,49.815
108.202,50.855
108.669,51.912
109.114,52.983
109.543,54.068
109.961,55.164
110.374,56.273
110.790,57.393
111.215,58.526
111.655,59.674
112.114,60.838
112.594,62.021
113.097,63.226
113.619,64.456
114.158,65.715
114.705,67.003
115.251,68.323
115.785,69.675
116.293,71.057
116.760,72.468
117.171,73.902
117.509,75.354
117.759,76.817
117.907,78.282
117.939,79.740
117.846,81.179
117.617,82.590
117.249,83.959
116.738,85.278
116.085,86.535
115.292,87.722
114.366,88.830
113.314,89.852
112.148,90.785
110.878,91.623
109.519,92.367
108.082,93.015
106.584,93.569
105.036,94.032
103.454,94.406
101.848,94.697
100.230,94.910
98.612,95.049
97.001,95.121
95.405,95.131
93.832,95.085
92.286,94.987
90.773,94.843
89.296,94.659
87.858,94.438
86.461,94.185
85.108,93.906
83.799,93.605
82.536,93.288
81.320,92.957
80.152,92.620
79.030,92.281
77.956,91.944
76.927,91.616
75.944,91.299
75.004,91.000
74.106,90.721
73.246,90.465
72.422,90.234
71.631,90.031
70.869,89.856
70.133,89.707
69.419,89.585
68.724,89.487
68.043,89.410
67.376,89.353
66.717,89.311
66.066,89.282
65.421,89.263
64.779,89.251
64.139,89.245
63.500,89.243
62.861,89.245
62.221,89.251
61.579,89.263
60.934,89.282
60.283,89.311
59.624,89.353
58.957,89.410
58.276,89.487
57.581,89.585
56.867,89.707
56.131,89.856
55.369,90.031
54.578,90.234
53.754,90.465
52.894,90.721
51.996,91.000
51.056,91.299
50.073,91.616
49.044,91.944
47.970,92.281
46.848,92.620
45.680,92.957
44.464,93.288
43.201,93.605
41.892,93.906
40.539,94.185
39.142,94.438
37.704,94.659
36.227,94.843
34.714,94.987
33.168,95.085
31.595,95.131
29.999,95.121
28.388,95.049
26.770,94.910
25.152,94.697
23.546,94.406
21.964,94.032
20.416,93.569
18.918,93.015
17.481,92.367
16.122,91.623
14.852,90.785
13.686,89.852
12.634,88.830
11.708,87.722
10.915,86.535
10.262,85.278
9.751,83.959
9.383,82.590
9.154,81.179
9.061,79.740
9.093,78.282
9.241,76.817
9.491,75.354
9.829,73.902
10.240,72.468
10.707,71.057
11.215,69.675
11.749,68.323
12.295,67.003
12.842,65.715
13.381,64.456
